{
  "title": "Booking resource",
  "description": "Booking resource object",
  "type": "object",
  "properties": {
    "id": {
      "description": "Booking id",
      "type": "integer"
    },
    "first_name": {
      "description": "First name",
      "type": "string",
      "minLength": 1,
      "maxLength": 255
    },
    "last_name": {
      "description": "Last name",
      "type": "string",
      "minLength": 1,
      "maxLength": 255
    }
  },
  "required": [
    "first_name",
    "last_name"
  ]
}